account_id,account_name_2025,account_name_2024,cohort_2025,in_2024_all_accounts,gpv_2024_usd,gpv_2025_usd,delta_2025_vs_2024_usd,yoy_2025_vs_2024_pct,account_tier_2025,religious_tier_2025,match_type,religious_match_reason
AFLRJKTK,Fellowship of Christian Athletes,Fellowship of Christian Athletes,legacy_2025,yes,106875460.00,116904951.00,10029491.00,9.38,Tier 1 ($100K+),TIER 1,exact,Account Name: christian; Account Name: christ; NTEE Code (Map to Sub Sectors): religious
APRVBZRU,Muslimi,Muslimi,legacy_2025,yes,26484223.00,40542668.00,14058445.00,53.08,Tier 3 ($20K–$50K),TIER 1,exact,NTEE Code (Map to Sub Sectors): islam; NTEE Code (Map to Sub Sectors): islamic; Non-Profit Sector: religion; Non-Profit Sub-Sector: islam; Non-Profit Sub-Sector: islamic; FRU - Sector: religion; FRU - Subsector: religion; FRU - Subsector: islam; FRU - Subsector: islamic; NTEE code family: X (religion related/spiritual development)
AAHPVCHM,Come And See,,new_2025,no,0.00,26013164.00,26013164.00,,Tier 1 ($100K+),TIER 1,normalized,NTEE Code (Map to Sub Sectors): christian; NTEE Code (Map to Sub Sectors): christ; Non-Profit Sector: religion; Non-Profit Sub-Sector: christian; Non-Profit Sub-Sector: christ; FRU - Sector: religion; FRU - Subsector: religion; FRU - Subsector: christian; FRU - Subsector: christ; NTEE code family: X (religion related/spiritual development)
ASNVRJLX,The Salvation Army UK,The Salvation Army UK,legacy_2025,yes,15465764.00,18475115.00,3009351.00,19.46,Tier 1 ($100K+),TIER 1,exact,NTEE Code (Map to Sub Sectors): christian; NTEE Code (Map to Sub Sectors): christ; Non-Profit Sector: religion; Non-Profit Sub-Sector: christian; Non-Profit Sub-Sector: christ; FRU - Sector: religion; FRU - Subsector: religion; FRU - Subsector: christian; FRU - Subsector: christ; NTEE code family: X (religion related/spiritual development)
AZELQFFN,Colel Chabad HQ,Colel Chabad HQ,legacy_2025,yes,6290017.00,7597377.00,1307360.00,20.78,Tier 5 ($5K–10K),TIER 1,exact,NTEE Code (Map to Sub Sectors): jewish; Non-Profit Sector: religion; Non-Profit Sub-Sector: jewish; FRU - Sector: religion; FRU - Subsector: religion; FRU - Subsector: jewish; NTEE code family: X (religion related/spiritual development)
ABGAXMMM,Christian Appalachian Project,Christian Appalachian Project,legacy_2025,yes,4536358.00,5804398.00,1268040.00,27.95,Tier 1 ($100K+),TIER 1,exact,Account Name: christian; Account Name: christ
ACFYBJHQ,Society of St. Vincent De Paul of Phoenix,,new_2025,no,0.00,4982641.00,4982641.00,,Tier 1 ($100K+),TIER 1,normalized,NTEE Code (Map to Sub Sectors): catholic; Non-Profit Sector: religion; Non-Profit Sub-Sector: religion; FRU - Sector: religion; FRU - Subsector: religion; NTEE code family: X (religion related/spiritual development)
ABAGJSNG,NYC Muslim Center,NYC Muslim Center,legacy_2025,yes,1421236.00,4922996.00,3501760.00,246.39,Tier 1 ($100K+),TIER 1,exact,NTEE Code (Map to Sub Sectors): islam; NTEE Code (Map to Sub Sectors): islamic; Non-Profit Sector: religion; Non-Profit Sub-Sector: islam; Non-Profit Sub-Sector: islamic; FRU - Sector: religion; FRU - Subsector: religion; FRU - Subsector: islam; FRU - Subsector: islamic; NTEE code family: X (religion related/spiritual development)
APQKCPHZ,David Hernandez Ministries,David Hernandez Ministries,legacy_2025,yes,4873488.00,4584734.00,-288754.00,-5.92,Tier 2 ($50K–$100K),TIER 1,exact,Account Name: ministries; NTEE Code (Map to Sub Sectors): christian; NTEE Code (Map to Sub Sectors): christ; Non-Profit Sector: religion; Non-Profit Sub-Sector: christian; Non-Profit Sub-Sector: christ; FRU - Sector: religion; FRU - Subsector: religion; FRU - Subsector: christian; FRU - Subsector: christ; NTEE code family: X (religion related/spiritual development)
ATEVEEFP,Wheeler Mission,Wheeler Mission,legacy_2025,yes,3355466.00,4181126.00,825660.00,24.61,Tier 2 ($50K–$100K),TIER 1,exact,Account Name: mission
AQXHJKUK,Radical,Radical,legacy_2025,yes,4282552.00,3860175.00,-422377.00,-9.86,Tier 2 ($50K–$100K),TIER 2,exact,NTEE Code (Map to Sub Sectors): christian; NTEE Code (Map to Sub Sectors): christ; Non-Profit Sector: religion; Non-Profit Sub-Sector: christian; Non-Profit Sub-Sector: christ; FRU - Sector: religion; FRU - Subsector: religion; FRU - Subsector: christian; FRU - Subsector: christ; NTEE code family: X (religion related/spiritual development)
AYCWZWGY,Matthew 25 Ministries,Matthew 25: Ministries,legacy_2025,yes,3240916.00,3256730.00,15814.00,0.49,Tier 3 ($20K–$50K),TIER 2,normalized,Account Name: ministries
ANFDKLPL,The Jewish Federation of Greater Washington,The Jewish Federation of Greater Washington,legacy_2025,yes,2833561.00,2794255.00,-39306.00,-1.39,Tier 1 ($100K+),TIER 3,exact,Account Name: jewish; NTEE Code (Map to Sub Sectors): jewish; Non-Profit Sector: religion; Non-Profit Sub-Sector: jewish; FRU - Sector: religion; FRU - Subsector: religion; FRU - Subsector: jewish; NTEE code family: X (religion related/spiritual development)
AUASVNBM,Dallas Theological Seminary,,new_2025,no,0.00,2702801.00,2702801.00,,Tier 2 ($50K–$100K),TIER 2,exact,Non-Profit Sector: religion; Non-Profit Sub-Sector: christian; Non-Profit Sub-Sector: christ
ARLMLBYH,Proverbs 31 Ministries,Proverbs 31 Ministries,legacy_2025,yes,1716240.00,2629416.00,913176.00,53.21,Tier 3 ($20K–$50K),TIER 2,exact,Account Name: ministries; NTEE Code (Map to Sub Sectors): christian; NTEE Code (Map to Sub Sectors): christ; Non-Profit Sector: religion; Non-Profit Sub-Sector: christian; Non-Profit Sub-Sector: christ; FRU - Sector: religion; FRU - Subsector: religion; FRU - Subsector: christian; FRU - Subsector: christ; NTEE code family: X (religion related/spiritual development)
AYSVKLHR,Yonge Street Mission,Yonge Street Mission,legacy_2025,yes,1936283.00,2195481.00,259198.00,13.39,Tier 3 ($20K–$50K),TIER 2,exact,Account Name: mission
AHKWQRUP,Mission Bon Accueil,Mission Bon Accueil,legacy_2025,yes,1383327.00,1978743.00,595416.00,43.04,Tier 2 ($50K–$100K),TIER 1,exact,Account Name: mission
ACFRVWZR,National Council of Canadian Muslims,National Council of Canadian Muslims,legacy_2025,yes,1998814.00,1973443.00,-25371.00,-1.27,Tier 3 ($20K–$50K),TIER 3,exact,NTEE Code (Map to Sub Sectors): religion; Non-Profit Sector: religion; Non-Profit Sub-Sector: religion; FRU - Sector: religion; FRU - Subsector: religion
ABAYAGBN,The Deen Center,The Deen Center,legacy_2025,yes,2175619.00,1911946.00,-263673.00,-12.12,Tier 1 ($100K+),TIER 3,exact,NTEE Code (Map to Sub Sectors): religion; Non-Profit Sector: religion; Non-Profit Sub-Sector: religion; FRU - Sector: religion; FRU - Subsector: religion; NTEE code family: X (religion related/spiritual development)
AGZYZXUL,Thich Nhat Hanh Foundation,Thich Nhat Hanh Foundation,legacy_2025,yes,1839496.00,1890766.00,51270.00,2.79,Tier 2 ($50K–$100K),TIER 2,exact,NTEE Code (Map to Sub Sectors): religion; Non-Profit Sector: religion; Non-Profit Sub-Sector: religion; FRU - Sector: religion; FRU - Subsector: religion; NTEE code family: X (religion related/spiritual development)
AGEMTLDN,Bay Area Rescue Mission,Bay Area Rescue Mission,legacy_2025,yes,1406978.00,1881973.00,474995.00,33.76,Tier 3 ($20K–$50K),TIER 2,exact,Account Name: mission
ALCUDRVC,Durham Rescue Mission,Durham Rescue Mission,legacy_2025,yes,459665.00,1830165.00,1370500.00,298.15,Tier 2 ($50K–$100K),TIER 2,exact,Account Name: mission; NTEE Code (Map to Sub Sectors): christian; NTEE Code (Map to Sub Sectors): christ; Non-Profit Sector: religion; Non-Profit Sub-Sector: christian; Non-Profit Sub-Sector: christ; FRU - Sector: religion; FRU - Subsector: religion; FRU - Subsector: christian; FRU - Subsector: christ; NTEE code family: X (religion related/spiritual development)
ACBBQBMS,Mel Trotter Ministries,Mel Trotter Ministries,legacy_2025,yes,1763548.00,1805344.00,41796.00,2.37,Tier 3 ($20K–$50K),TIER 2,exact,Account Name: ministries; NTEE Code (Map to Sub Sectors): christian; NTEE Code (Map to Sub Sectors): christ; Non-Profit Sector: religion; Non-Profit Sub-Sector: christian; Non-Profit Sub-Sector: christ; FRU - Sector: religion; FRU - Subsector: religion; FRU - Subsector: christian; FRU - Subsector: christ; NTEE code family: X (religion related/spiritual development)
ACNDRTRS,Vladimir Savchuk Ministries,Vladimir Savchuk Ministries,legacy_2025,yes,1431532.00,1644844.00,213312.00,14.90,Tier 3 ($20K–$50K),TIER 3,exact,Account Name: ministries; NTEE Code (Map to Sub Sectors): christian; NTEE Code (Map to Sub Sectors): christ; Non-Profit Sector: religion; Non-Profit Sub-Sector: christian; Non-Profit Sub-Sector: christ; FRU - Sector: religion; FRU - Subsector: religion; FRU - Subsector: christian; FRU - Subsector: christ; NTEE code family: X (religion related/spiritual development)
ACCWABLW,The Gospel Coalition,The Gospel Coalition,legacy_2025,yes,1495948.00,1637072.00,141124.00,9.43,Tier 3 ($20K–$50K),TIER 3,exact,Account Name: gospel; NTEE Code (Map to Sub Sectors): religion; Non-Profit Sector: religion; Non-Profit Sub-Sector: religion; FRU - Sector: religion; FRU - Subsector: religion; NTEE code family: X (religion related/spiritual development)
ADHHWQDV,Los Angeles Mission,,new_2025,no,0.00,1532134.00,1532134.00,,Tier 3 ($20K–$50K),TIER 1,exact,Account Name: mission
ABBUGUKC,Filter of Hope,Filter of Hope,legacy_2025,yes,1078312.00,1519915.00,441603.00,40.95,Tier 3 ($20K–$50K),TIER 3,exact,NTEE Code (Map to Sub Sectors): christian; NTEE Code (Map to Sub Sectors): christ; Non-Profit Sector: religion; Non-Profit Sub-Sector: christian; Non-Profit Sub-Sector: christ; FRU - Sector: religion; FRU - Subsector: religion; FRU - Subsector: christian; FRU - Subsector: christ; NTEE code family: X (religion related/spiritual development)
ARHXXBJG,MAZON: A Jewish Response to Hunger,,new_2025,no,0.00,1514532.00,1514532.00,,Tier 5 ($5K–10K),TIER 2,exact,Account Name: jewish; NTEE Code (Map to Sub Sectors): jewish; Non-Profit Sector: religion; Non-Profit Sub-Sector: jewish; FRU - Sector: religion; FRU - Subsector: religion; FRU - Subsector: jewish; NTEE code family: X (religion related/spiritual development)
ACKQVTRX,Siloam Mission,Siloam Mission,legacy_2025,yes,1425084.00,1495696.00,70612.00,4.95,Tier 2 ($50K–$100K),TIER 3,exact,Account Name: mission
AXCHDMUW,All Faiths Food Bank,All Faiths Food Bank,legacy_2025,yes,1128505.00,1490113.00,361608.00,32.04,Tier 3 ($20K–$50K),TIER 3,exact,Account Name: faith
AHTNQTYG,Detroit Rescue Mission Ministries,Detroit Rescue Mission Ministries,legacy_2025,yes,813141.00,1468096.00,654955.00,80.55,Tier 3 ($20K–$50K),TIER 3,exact,Account Name: ministries; Account Name: mission
AAPLWWEJ,Americans United for Separation of Church and State,,new_2025,no,0.00,1324813.00,1324813.00,,Tier 3 ($20K–$50K),TIER 2,normalized,Account Name: church
APWTJEJZ,Water Street Mission,,new_2025,no,0.00,1292306.00,1292306.00,,Tier 3 ($20K–$50K),TIER 2,exact,Account Name: mission
AATDZMPP,Shrine of Our Lady of Guadalupe,Shrine of Our Lady of Guadalupe,legacy_2025,yes,388425.00,1266417.00,877992.00,226.04,Tier 3 ($20K–$50K),TIER 2,exact,NTEE Code (Map to Sub Sectors): catholic; Non-Profit Sector: religion; Non-Profit Sub-Sector: religion; FRU - Sector: religion; FRU - Subsector: religion; NTEE code family: X (religion related/spiritual development)
AAZPEMCE,Catholic Mission,,new_2025,no,0.00,1181786.00,1181786.00,,Tier 3 ($20K–$50K),TIER 2,exact,Account Name: catholic; Account Name: mission; Non-Profit Sector: religion; Non-Profit Sub-Sector: christian; Non-Profit Sub-Sector: christ
ALLMLWUX,Miftaah Institute,Miftaah Institute,legacy_2025,yes,323354.00,1179317.00,855963.00,264.71,Tier 3 ($20K–$50K),TIER 3,exact,NTEE Code (Map to Sub Sectors): islam; NTEE Code (Map to Sub Sectors): islamic; Non-Profit Sector: religion; Non-Profit Sub-Sector: islam; Non-Profit Sub-Sector: islamic; FRU - Sector: religion; FRU - Subsector: religion; FRU - Subsector: islam; FRU - Subsector: islamic; NTEE code family: X (religion related/spiritual development)
AWDZXPTL,Al Furqaan Foundation,Al-Furqaan Foundation,legacy_2025,yes,489936.00,1121408.00,631472.00,128.89,Tier 3 ($20K–$50K),TIER 3,normalized,NTEE Code (Map to Sub Sectors): islam; Non-Profit Sector: religion; Non-Profit Sub-Sector: islam; Non-Profit Sub-Sector: islamic; FRU - Sector: religion; FRU - Subsector: religion; FRU - Subsector: islam; FRU - Subsector: islamic; NTEE code family: X (religion related/spiritual development)
AMSBCQXZ,Bible League Canada,Bible League Canada,legacy_2025,yes,794324.00,1114189.00,319865.00,40.27,Tier 4 ($10K–$20K),TIER 3,exact,Account Name: bible; NTEE Code (Map to Sub Sectors): christian; NTEE Code (Map to Sub Sectors): christ; Non-Profit Sector: religion; Non-Profit Sub-Sector: christian; Non-Profit Sub-Sector: christ; FRU - Sector: religion; FRU - Subsector: religion; FRU - Subsector: christian; FRU - Subsector: christ; NTEE code family: X (religion related/spiritual development)
ABMQCSVC,International Justice Mission Australia,International Justice Mission Australia,legacy_2025,yes,601086.00,1106568.00,505482.00,84.09,Tier 6 (<$5K),TIER 3,exact,Account Name: mission
ADEQBZGW,Restore7,Restore7,legacy_2025,yes,2604014.00,1099999.00,-1504015.00,-57.76,Tier 4 ($10K–$20K),TIER 3,exact,NTEE Code (Map to Sub Sectors): christian; NTEE Code (Map to Sub Sectors): christ; Non-Profit Sector: religion; Non-Profit Sub-Sector: christian; Non-Profit Sub-Sector: christ; FRU - Sector: religion; FRU - Subsector: religion; FRU - Subsector: christian; FRU - Subsector: christ; NTEE code family: X (religion related/spiritual development)
AYDTFZLP,Hope Channel International,Hope Channel International,legacy_2025,yes,928397.00,1076376.00,147979.00,15.94,Tier 3 ($20K–$50K),TIER 3,exact,NTEE Code (Map to Sub Sectors): religion; Non-Profit Sector: religion; Non-Profit Sub-Sector: religion; FRU - Sector: religion; FRU - Subsector: religion; NTEE code family: X (religion related/spiritual development)
AYGHQZZH,The Lady Fatemah (a.s.) Charitable Trust,The Lady Fatemah (A.S.) Charitable Trust,legacy_2025,yes,937975.00,1006837.00,68862.00,7.34,Tier 3 ($20K–$50K),TIER 3,normalized,Non-Profit Sector: religion; Non-Profit Sub-Sector: islam; Non-Profit Sub-Sector: islamic; FRU - Sector: religion; FRU - Subsector: religion
AGMQWWLR,International Justice Mission UK,International Justice Mission UK,legacy_2025,yes,679188.00,1006162.00,326974.00,48.14,Tier 4 ($10K–$20K),TIER 3,exact,Account Name: mission
APJFPDAZ,Rockford Rescue Mission,Rockford Rescue Mission,legacy_2025,yes,491032.00,976119.00,485087.00,98.79,Tier 3 ($20K–$50K),TIER 3,exact,Account Name: mission
AVMBACCQ,Tacoma Rescue Mission,,new_2025,no,0.00,915561.00,915561.00,,Tier 3 ($20K–$50K),TIER 2,exact,Account Name: mission
AVLBCSVQ,South America Mission,,new_2025,no,0.00,895753.00,895753.00,,,TIER 3,exact,Account Name: mission; NTEE Code (Map to Sub Sectors): christian; NTEE Code (Map to Sub Sectors): christ; Non-Profit Sector: religion; Non-Profit Sub-Sector: christian; Non-Profit Sub-Sector: christ; FRU - Sector: religion; FRU - Subsector: religion; FRU - Subsector: christian; FRU - Subsector: christ; NTEE code family: X (religion related/spiritual development)
ATYZDJCV,Generals International,Generals International,legacy_2025,yes,871944.00,884292.00,12348.00,1.42,Tier 4 ($10K–$20K),TIER 4,exact,NTEE Code (Map to Sub Sectors): christian; NTEE Code (Map to Sub Sectors): christ; Non-Profit Sector: religion; Non-Profit Sub-Sector: christian; Non-Profit Sub-Sector: christ; FRU - Sector: religion; FRU - Subsector: religion; FRU - Subsector: christian; FRU - Subsector: christ; NTEE code family: X (religion related/spiritual development)
AKQXPPEN,Institute of Catholic Culture,Institute of Catholic Culture,legacy_2025,yes,242191.00,813181.00,570990.00,235.76,Tier 3 ($20K–$50K),TIER 3,exact,Account Name: catholic; NTEE Code (Map to Sub Sectors): christian; NTEE Code (Map to Sub Sectors): christ; Non-Profit Sector: religion; Non-Profit Sub-Sector: christian; Non-Profit Sub-Sector: christ; FRU - Sector: religion; FRU - Subsector: religion; FRU - Subsector: christian; FRU - Subsector: christ; NTEE code family: X (religion related/spiritual development)
AGEBSDZJ,Tikkun International,Tikkun International,legacy_2025,yes,1078421.00,797931.00,-280490.00,-26.01,Tier 4 ($10K–$20K),TIER 3,exact,NTEE Code (Map to Sub Sectors): religion; Non-Profit Sector: religion; Non-Profit Sub-Sector: religion; FRU - Sector: religion; FRU - Subsector: religion; NTEE code family: X (religion related/spiritual development)
AQJDGZDY,Sacred Road Ministries,Sacred Road Ministries,legacy_2025,yes,685144.00,787979.00,102835.00,15.01,Tier 4 ($10K–$20K),TIER 4,exact,Account Name: ministries; NTEE Code (Map to Sub Sectors): religion; Non-Profit Sector: religion; Non-Profit Sub-Sector: religion; FRU - Sector: religion; FRU - Subsector: religion; NTEE code family: X (religion related/spiritual development)
ANSRXGKF,Muslim Public Affairs Council,Muslim Public Affairs Council,legacy_2025,yes,815209.00,780563.00,-34646.00,-4.25,Tier 4 ($10K–$20K),TIER 4,exact,NTEE Code (Map to Sub Sectors): islam; NTEE Code (Map to Sub Sectors): islamic; Non-Profit Sector: religion; Non-Profit Sub-Sector: islam; Non-Profit Sub-Sector: islamic; FRU - Sector: religion; FRU - Subsector: religion; FRU - Subsector: islam; FRU - Subsector: islamic; NTEE code family: X (religion related/spiritual development)
AUDDCMDQ,Auckland City Mission,Auckland City Mission,legacy_2025,yes,407031.00,773357.00,366326.00,90.00,,TIER 3,exact,Account Name: mission
AALQSFNM,NDW Ministries,NDW Ministries,legacy_2025,yes,609098.00,772059.00,162961.00,26.75,Tier 6 (<$5K),TIER 4,exact,Account Name: ministries; NTEE Code (Map to Sub Sectors): christian; NTEE Code (Map to Sub Sectors): christ; Non-Profit Sector: religion; Non-Profit Sub-Sector: christian; Non-Profit Sub-Sector: christ; FRU - Sector: religion; FRU - Subsector: religion; FRU - Subsector: christian; FRU - Subsector: christ; NTEE code family: X (religion related/spiritual development)
AMMBDGWA,Jewish News Service,Jewish News Service,legacy_2025,yes,324506.00,724719.00,400213.00,123.33,Tier 4 ($10K–$20K),TIER 3,exact,Account Name: jewish; NTEE Code (Map to Sub Sectors): jewish; Non-Profit Sector: religion; Non-Profit Sub-Sector: jewish; FRU - Sector: religion; FRU - Subsector: religion; FRU - Subsector: jewish; NTEE code family: X (religion related/spiritual development)
AUMSGFBR,Orchard Group,Orchard Group,legacy_2025,yes,621563.00,720107.00,98544.00,15.85,Tier 4 ($10K–$20K),TIER 4,exact,NTEE Code (Map to Sub Sectors): religion; Non-Profit Sector: religion; Non-Profit Sub-Sector: religion; FRU - Sector: religion; FRU - Subsector: religion; NTEE code family: X (religion related/spiritual development)
ADJWJEGV,Terri Savelle Foy Ministries,,new_2025,no,0.00,700718.00,700718.00,,Tier 5 ($5K–10K),TIER 2,exact,Account Name: ministries; NTEE Code (Map to Sub Sectors): christian; NTEE Code (Map to Sub Sectors): christ; Non-Profit Sector: religion; Non-Profit Sub-Sector: christian; Non-Profit Sub-Sector: christ; FRU - Sector: religion; FRU - Subsector: religion; FRU - Subsector: christian; FRU - Subsector: christ; NTEE code family: X (religion related/spiritual development)
AHJHKGES,Orlando Union Rescue Mission,,new_2025,no,0.00,669183.00,669183.00,,Tier 4 ($10K–$20K),TIER 2,exact,Account Name: mission
ASUHKUUR,Global Disciples USA,Global Disciples USA,legacy_2025,yes,527661.00,645164.00,117503.00,22.27,Tier 3 ($20K–$50K),TIER 4,exact,NTEE Code (Map to Sub Sectors): christian; NTEE Code (Map to Sub Sectors): christ; Non-Profit Sector: religion; Non-Profit Sub-Sector: christian; Non-Profit Sub-Sector: christ; FRU - Sector: religion; FRU - Subsector: religion; FRU - Subsector: christian; FRU - Subsector: christ; NTEE code family: X (religion related/spiritual development)
ABPHKJZB,Mission Services of London,Mission Services of London,legacy_2025,yes,339174.00,634824.00,295650.00,87.17,Tier 4 ($10K–$20K),TIER 3,exact,Account Name: mission
ACKHVURD,American Jewish World Service,,new_2025,no,0.00,607591.00,607591.00,,Tier 3 ($20K–$50K),TIER 3,exact,Account Name: jewish
ASRLDJSW,The KSIMC of London,The KSIMC of London,legacy_2025,yes,597915.00,606907.00,8992.00,1.50,Tier 3 ($20K–$50K),TIER 4,exact,Non-Profit Sector: religion; Non-Profit Sub-Sector: islam; Non-Profit Sub-Sector: islamic
AAELSEAV,New Gate to Peace Foundation,New Gate to Peace Foundation,legacy_2025,yes,430566.00,571741.00,141175.00,32.79,Tier 3 ($20K–$50K),TIER 4,exact,NTEE Code (Map to Sub Sectors): christian; NTEE Code (Map to Sub Sectors): christ; Non-Profit Sector: religion; Non-Profit Sub-Sector: christian; Non-Profit Sub-Sector: christ; FRU - Sector: religion; FRU - Subsector: religion; FRU - Subsector: christian; FRU - Subsector: christ; NTEE code family: X (religion related/spiritual development)
AQGBETLX,Club Beyond,Club Beyond,legacy_2025,yes,199452.00,567599.00,368147.00,184.58,Tier 4 ($10K–$20K),TIER 4,exact,NTEE Code (Map to Sub Sectors): religious
AFHJXCRS,Souls Harbour Rescue Mission,,new_2025,no,0.00,561230.00,561230.00,,,TIER 2,exact,Account Name: mission
AYNDZCRW,Christian Leaders,Christian Leaders,legacy_2025,yes,382535.00,556398.00,173863.00,45.45,Tier 4 ($10K–$20K),TIER 3,exact,Account Name: christian; Account Name: christ
ATVSCLYF,Hindu American Foundation,Hindu American Foundation,legacy_2025,yes,510127.00,556394.00,46267.00,9.07,Tier 6 (<$5K),TIER 5,exact,Account Name: hindu
ARECLFZF,Office of Adventist Mission,,new_2025,no,0.00,544953.00,544953.00,,Tier 1 ($100K+),TIER 4,exact,Account Name: mission; Non-Profit Sector: religion; Non-Profit Sub-Sector: religion
AFCCHWSR,CCEF (Christian Counseling & Educational Foundation),CCEF (Christian Counseling & Educational Foundation),legacy_2025,yes,559411.00,543109.00,-16302.00,-2.91,Tier 3 ($20K–$50K),TIER 4,exact,Account Name: christian; Account Name: christ
AQMFMHFQ,Northside Islamic Center of San Antonio,NORTHSIDE ISLAMIC CENTER OF SAN ANTONIO,legacy_2025,yes,487997.00,521441.00,33444.00,6.85,Tier 4 ($10K–$20K),TIER 4,normalized,Account Name: islam; Account Name: islamic; NTEE Code (Map to Sub Sectors): islam; NTEE Code (Map to Sub Sectors): islamic; Non-Profit Sector: religion; Non-Profit Sub-Sector: islam; Non-Profit Sub-Sector: islamic; FRU - Sector: religion; FRU - Subsector: religion; FRU - Subsector: islam; FRU - Subsector: islamic; NTEE code family: X (religion related/spiritual development)
AAFCRQQA,Kelowna's Gospel Mission,Kelowna's Gospel Mission,legacy_2025,yes,537379.00,517211.00,-20168.00,-3.75,Tier 4 ($10K–$20K),TIER 4,exact,Account Name: gospel; Account Name: mission; NTEE Code (Map to Sub Sectors): religion; Non-Profit Sector: religion; Non-Profit Sub-Sector: religion; FRU - Sector: religion; FRU - Subsector: religion
ARYSNFJP,Jaco Booyens Ministries,Jaco Booyens Ministries,legacy_2025,yes,217321.00,506130.00,288809.00,132.90,Tier 4 ($10K–$20K),TIER 4,exact,Account Name: ministries
ASJZNSZT,Victory Mission + Ministry,Victory Mission + Ministry,legacy_2025,yes,387131.00,500577.00,113446.00,29.30,Tier 5 ($5K–10K),TIER 4,exact,Account Name: ministry; Account Name: mission
AXRJGJPD,IslamInSpanish,IslamInSpanish,legacy_2025,yes,437321.00,483712.00,46391.00,10.61,Tier 4 ($10K–$20K),TIER 5,exact,Account Name: islam; NTEE Code (Map to Sub Sectors): islam; NTEE Code (Map to Sub Sectors): islamic; Non-Profit Sector: religion; Non-Profit Sub-Sector: islam; Non-Profit Sub-Sector: islamic; FRU - Sector: religion; FRU - Subsector: religion; FRU - Subsector: islam; FRU - Subsector: islamic; NTEE code family: X (religion related/spiritual development)
AQHNJYYB,St. John Cantius,St. John Cantius,legacy_2025,yes,424342.00,476547.00,52205.00,12.30,Tier 3 ($20K–$50K),TIER 3,exact,NTEE Code (Map to Sub Sectors): religion; Non-Profit Sector: religion; Non-Profit Sub-Sector: religion; FRU - Sector: religion; FRU - Subsector: religion; NTEE code family: X (religion related/spiritual development)
AEABUTKY,Islam by Touch,Islam by Touch,legacy_2025,yes,259271.00,463161.00,203890.00,78.64,,TIER 3,exact,Account Name: islam; NTEE Code (Map to Sub Sectors): islam; NTEE Code (Map to Sub Sectors): islamic; Non-Profit Sector: religion; Non-Profit Sub-Sector: islam; Non-Profit Sub-Sector: islamic; FRU - Sector: religion; FRU - Subsector: religion; FRU - Subsector: islam; FRU - Subsector: islamic; NTEE code family: X (religion related/spiritual development)
AJDNZNSF,mosquée de cachan,Mosquée de cachan,legacy_2025,yes,174966.00,456842.00,281876.00,161.10,Tier 6 (<$5K),TIER 3,normalized,Non-Profit Sector: religion; Non-Profit Sub-Sector: christian; Non-Profit Sub-Sector: christ
AZSZQLPZ,Matt Sorger Ministries,Matt Sorger Ministries,legacy_2025,yes,449367.00,449659.00,292.00,0.06,Tier 4 ($10K–$20K),TIER 4,exact,Account Name: ministries; NTEE Code (Map to Sub Sectors): christian; NTEE Code (Map to Sub Sectors): christ; Non-Profit Sector: religion; Non-Profit Sub-Sector: christian; Non-Profit Sub-Sector: christ; FRU - Sector: religion; FRU - Subsector: religion; FRU - Subsector: christian; FRU - Subsector: christ; NTEE code family: X (religion related/spiritual development)
AHCRSECF,Paula White Ministries,,new_2025,no,0.00,427380.00,427380.00,,,TIER 3,exact,Account Name: ministries; NTEE Code (Map to Sub Sectors): christian; NTEE Code (Map to Sub Sectors): christ; Non-Profit Sector: religion; Non-Profit Sub-Sector: christian; Non-Profit Sub-Sector: christ; FRU - Sector: religion; FRU - Subsector: religion; FRU - Subsector: christian; FRU - Subsector: christ; NTEE code family: X (religion related/spiritual development)
AMWQVAZL,Bible Society Australia,,new_2025,no,0.00,416703.00,416703.00,,,TIER 3,exact_multi_pick_max_volume_2,Account Name: bible; Non-Profit Sector: religion; Non-Profit Sub-Sector: christian; Non-Profit Sub-Sector: christ
AMQJNJCT,Renovaré,Renovaré,legacy_2025,yes,252740.00,407756.00,155016.00,61.33,Tier 4 ($10K–$20K),TIER 4,exact,NTEE Code (Map to Sub Sectors): christian; NTEE Code (Map to Sub Sectors): christ; Non-Profit Sector: religion; Non-Profit Sub-Sector: christian; Non-Profit Sub-Sector: christ; FRU - Sector: religion; FRU - Subsector: religion; FRU - Subsector: christian; FRU - Subsector: christ; NTEE code family: X (religion related/spiritual development)
AYBZQKZW,Lutheran Bible Translators,,new_2025,no,0.00,406379.00,406379.00,,Tier 4 ($10K–$20K),TIER 3,exact,Account Name: lutheran; Account Name: bible; NTEE Code (Map to Sub Sectors): christian; NTEE Code (Map to Sub Sectors): christ; Non-Profit Sector: religion; Non-Profit Sub-Sector: christian; Non-Profit Sub-Sector: christ; FRU - Sector: religion; FRU - Subsector: religion; FRU - Subsector: christian; FRU - Subsector: christ; NTEE code family: X (religion related/spiritual development)
ARPNTWCX,Christian Alliance for Orphans,Christian Alliance for Orphans,legacy_2025,yes,367562.00,401500.00,33938.00,9.23,Tier 5 ($5K–10K),TIER 4,exact,Account Name: christian; Account Name: christ
AQVJENRY,Mission Impact,Mission Impact,legacy_2025,yes,349363.00,393072.00,43709.00,12.51,Tier 5 ($5K–10K),TIER 5,exact,Account Name: mission; NTEE Code (Map to Sub Sectors): christian; NTEE Code (Map to Sub Sectors): christ; Non-Profit Sector: religion; Non-Profit Sub-Sector: christian; Non-Profit Sub-Sector: christ; FRU - Sector: religion; FRU - Subsector: religion; FRU - Subsector: christian; FRU - Subsector: christ; NTEE code family: X (religion related/spiritual development)
ACHTMTHC,Inspiration Ministries,,new_2025,no,0.00,388134.00,388134.00,,Tier 1 ($100K+),TIER 3,exact,Account Name: ministries; NTEE Code (Map to Sub Sectors): religious; Non-Profit Sector: religion; Non-Profit Sub-Sector: religion; FRU - Sector: religion; FRU - Subsector: religion; NTEE code family: X (religion related/spiritual development)
AJZHVBBL,RadioU,RadioU,legacy_2025,yes,391436.00,382294.00,-9142.00,-2.34,Tier 3 ($20K–$50K),TIER 5,exact,NTEE Code (Map to Sub Sectors): religious; Non-Profit Sector: religion; Non-Profit Sub-Sector: religion; FRU - Sector: religion; FRU - Subsector: religion; NTEE code family: X (religion related/spiritual development)
AKXYTNKF,Sonrise Ministries,Sonrise Ministries,legacy_2025,yes,348626.00,348502.00,-124.00,-0.04,Tier 6 (<$5K),TIER 5,exact,Account Name: ministries
AGYFLNPE,God's Heart TV,God's Heart TV,legacy_2025,yes,294892.00,345553.00,50661.00,17.18,Tier 6 (<$5K),TIER 3,exact,Non-Profit Sector: religion; Non-Profit Sub-Sector: christian; Non-Profit Sub-Sector: christ
AMDZWSQG,River of Life Mission,River of Life Mission,legacy_2025,yes,294392.00,341449.00,47057.00,15.98,Tier 4 ($10K–$20K),TIER 5,exact,Account Name: mission; NTEE Code (Map to Sub Sectors): religion; Non-Profit Sector: religion; Non-Profit Sub-Sector: religion; FRU - Sector: religion; FRU - Subsector: religion; NTEE code family: X (religion related/spiritual development)
AKWQLGKE,Global Celebration,Global Celebration,legacy_2025,yes,307846.00,340974.00,33128.00,10.76,Tier 5 ($5K–10K),TIER 5,exact,NTEE Code (Map to Sub Sectors): christian; NTEE Code (Map to Sub Sectors): christ; Non-Profit Sector: religion; Non-Profit Sub-Sector: christian; Non-Profit Sub-Sector: christ; FRU - Sector: religion; FRU - Subsector: religion; FRU - Subsector: christian; FRU - Subsector: christ; NTEE code family: X (religion related/spiritual development)
ALHQCDLK,CMJ Israel,CMJ Israel,legacy_2025,yes,295972.00,337989.00,42017.00,14.20,Tier 3 ($20K–$50K),TIER 4,exact,Non-Profit Sector: religion; Non-Profit Sub-Sector: christian; Non-Profit Sub-Sector: christ
AKBRHYVC,Youth Apostles,Youth Apostles,legacy_2025,yes,278266.00,336138.00,57872.00,20.80,Tier 5 ($5K–10K),TIER 4,exact,NTEE Code (Map to Sub Sectors): religion; Non-Profit Sector: religion; Non-Profit Sub-Sector: religion; FRU - Sector: religion; FRU - Subsector: religion; NTEE code family: X (religion related/spiritual development)
ARBRTLWW,Foster The City,,new_2025,no,0.00,333510.00,333510.00,,,TIER 3,normalized,NTEE Code (Map to Sub Sectors): christian; NTEE Code (Map to Sub Sectors): christ; Non-Profit Sector: religion; Non-Profit Sub-Sector: christian; Non-Profit Sub-Sector: christ; FRU - Sector: religion; FRU - Subsector: religion; FRU - Subsector: christian; FRU - Subsector: christ; NTEE code family: X (religion related/spiritual development)
APZFDZUQ,Catholic Charities Diocese of San Diego,Catholic Charities Diocese of San Diego,legacy_2025,yes,84751.00,333481.00,248730.00,293.48,Tier 3 ($20K–$50K),TIER 4,exact,Account Name: catholic
AQCJSZYU,Interfaith Social Services,Interfaith Social Services,legacy_2025,yes,156768.00,333169.00,176401.00,112.52,Tier 6 (<$5K),TIER 4,exact,Account Name: faith
AKXAJEJH,Mission Local,,new_2025,no,0.00,331046.00,331046.00,,Tier 4 ($10K–$20K),TIER 3,exact,Account Name: mission
AYDQYGVS,God TV,God TV,legacy_2025,yes,326851.00,328439.00,1588.00,0.49,Tier 4 ($10K–$20K),TIER 4,exact,NTEE Code (Map to Sub Sectors): religious; Non-Profit Sector: religion; Non-Profit Sub-Sector: religion; FRU - Sector: religion; FRU - Subsector: religion; NTEE code family: X (religion related/spiritual development)
AVYFCBDN,United Women in Faith,United Women in Faith,legacy_2025,yes,311819.00,328135.00,16316.00,5.23,Tier 2 ($50K–$100K),TIER 5,exact,Account Name: faith; NTEE Code (Map to Sub Sectors): religion; Non-Profit Sector: religion; Non-Profit Sub-Sector: religion; FRU - Sector: religion; FRU - Subsector: religion; NTEE code family: X (religion related/spiritual development)
ABTKDNVE,Lillian and Albert Small Capital Jewish Museum,Lillian And Albert Small Capital Jewish Museum,legacy_2025,yes,73935.00,316494.00,242559.00,328.07,Tier 5 ($5K–10K),TIER 5,normalized,Account Name: jewish
AMDPPTUU,Ron Cantor,Ron Cantor,legacy_2025,yes,459828.00,306425.00,-153403.00,-33.36,,-,exact,NTEE Code (Map to Sub Sectors): christian; NTEE Code (Map to Sub Sectors): christ; Non-Profit Sector: religion; Non-Profit Sub-Sector: christian; Non-Profit Sub-Sector: christ; FRU - Sector: religion; FRU - Subsector: religion; FRU - Subsector: christian; FRU - Subsector: christ; NTEE code family: X (religion related/spiritual development)
ATNQTFDX,Memphis Islamic Center,,new_2025,no,0.00,306200.00,306200.00,,,TIER 4,exact,Account Name: islam; Account Name: islamic
ONGFMXHZ,Family Promise of Spokane,Family Promise of Spokane,legacy_2025,yes,276423.00,285054.00,8631.00,3.12,Tier 5 ($5K–10K),TIER 6,exact,NTEE Code (Map to Sub Sectors): religion; Non-Profit Sector: religion; Non-Profit Sub-Sector: religion; FRU - Sector: religion; FRU - Subsector: religion; NTEE code family: X (religion related/spiritual development)
ABUTHCMZ,Al Isharah,Al Isharah,legacy_2025,yes,254910.00,284038.00,29128.00,11.43,Tier 6 (<$5K),TIER 5,exact,Non-Profit Sector: religion; Non-Profit Sub-Sector: islam; Non-Profit Sub-Sector: islamic
ASFJMTYR,Kingdom Rain,Kingdom Rain,legacy_2025,yes,210968.00,278130.00,67162.00,31.84,Tier 6 (<$5K),TIER 5,exact,NTEE Code (Map to Sub Sectors): christian; NTEE Code (Map to Sub Sectors): christ; Non-Profit Sector: religion; Non-Profit Sub-Sector: christian; Non-Profit Sub-Sector: christ; FRU - Sector: religion; FRU - Subsector: religion; FRU - Subsector: christian; FRU - Subsector: christ; NTEE code family: X (religion related/spiritual development)
ATSNCDWC,Mike Signorelli Ministries,Mike Signorelli Ministries,legacy_2025,yes,189743.00,275303.00,85560.00,45.09,Tier 6 (<$5K),TIER 5,exact,Account Name: ministries; NTEE Code (Map to Sub Sectors): christian; NTEE Code (Map to Sub Sectors): christ; Non-Profit Sector: religion; Non-Profit Sub-Sector: christian; Non-Profit Sub-Sector: christ; FRU - Sector: religion; FRU - Subsector: religion; FRU - Subsector: christian; FRU - Subsector: christ; NTEE code family: X (religion related/spiritual development)
ANFPRBST,Young Muslims,Young Muslims,legacy_2025,yes,143237.00,261990.00,118753.00,82.91,Tier 6 (<$5K),TIER 6,exact_multi_pick_max_volume_2,NTEE Code (Map to Sub Sectors): islam; NTEE Code (Map to Sub Sectors): islamic; Non-Profit Sector: religion; Non-Profit Sub-Sector: islam; Non-Profit Sub-Sector: islamic; FRU - Sector: religion; FRU - Subsector: religion; FRU - Subsector: islam; FRU - Subsector: islamic; NTEE code family: X (religion related/spiritual development)
ASLSXJES,St. John's Ministries,St. John's Ministries,legacy_2025,yes,210755.00,252174.00,41419.00,19.65,Tier 5 ($5K–10K),TIER 5,exact,Account Name: ministries
ADZBBLSK,Jewish Family Services Vancouver,,new_2025,no,0.00,251421.00,251421.00,,Tier 6 (<$5K),TIER 4,exact,Account Name: jewish; Non-Profit Sector: religion; Non-Profit Sub-Sector: jewish
APZPRXTX,Israel Religious Action Center,Israel Religious Action Center,legacy_2025,yes,240748.00,245849.00,5101.00,2.12,Tier 6 (<$5K),TIER 5,exact,Account Name: religious
AACSFGNL,Heart of the Bride Ministries,Heart of the Bride Ministries,legacy_2025,yes,169736.00,237372.00,67636.00,39.85,Tier 5 ($5K–10K),TIER 5,exact,Account Name: ministries; NTEE Code (Map to Sub Sectors): catholic; Non-Profit Sector: religion; Non-Profit Sub-Sector: religion; FRU - Sector: religion; FRU - Subsector: religion; NTEE code family: X (religion related/spiritual development)
AWVCLFKC,Circuit Riders,Circuit Riders,legacy_2025,yes,243024.00,229834.00,-13190.00,-5.43,Tier 5 ($5K–10K),TIER 5,exact,NTEE Code (Map to Sub Sectors): christian; NTEE Code (Map to Sub Sectors): christ; Non-Profit Sector: religion; Non-Profit Sub-Sector: christian; Non-Profit Sub-Sector: christ; FRU - Sector: religion; FRU - Subsector: religion; FRU - Subsector: christian; FRU - Subsector: christ; NTEE code family: X (religion related/spiritual development)
AWWWUEDL,The Send,The Send,legacy_2025,yes,344577.00,226626.00,-117951.00,-34.23,Tier 4 ($10K–$20K),TIER 6,exact,NTEE Code (Map to Sub Sectors): christian; NTEE Code (Map to Sub Sectors): christ; Non-Profit Sector: religion; Non-Profit Sub-Sector: christian; Non-Profit Sub-Sector: christ; FRU - Sector: religion; FRU - Subsector: religion; FRU - Subsector: christian; FRU - Subsector: christ; NTEE code family: X (religion related/spiritual development)
AGUNXJTK,American Jewish University,,new_2025,no,0.00,209185.00,209185.00,,Tier 4 ($10K–$20K),TIER 5,exact,Account Name: jewish
AXPJLFAK,Plum Village UK,Plum Village UK,legacy_2025,yes,195062.00,202654.00,7592.00,3.89,Tier 4 ($10K–$20K),TIER 6,exact,Non-Profit Sector: religion; Non-Profit Sub-Sector: religion
ABLRXLFL,CHANGED Movement,CHANGED Movement,legacy_2025,yes,152014.00,199330.00,47316.00,31.13,,-,exact,NTEE Code (Map to Sub Sectors): religion; Non-Profit Sector: religion; Non-Profit Sub-Sector: religion; FRU - Sector: religion; FRU - Subsector: religion; NTEE code family: X (religion related/spiritual development)
ALJSUMEE,Friends of Agape,Friends of Agape,legacy_2025,yes,137425.00,198448.00,61023.00,44.40,Tier 3 ($20K–$50K),TIER 6,exact,NTEE Code (Map to Sub Sectors): christian; NTEE Code (Map to Sub Sectors): christ; Non-Profit Sector: religion; Non-Profit Sub-Sector: christian; Non-Profit Sub-Sector: christ; FRU - Sector: religion; FRU - Subsector: religion; FRU - Subsector: christian; FRU - Subsector: christ; NTEE code family: X (religion related/spiritual development)
AXVLQXBQ,Community Peacemaker Teams,Community Peacemaker Teams,legacy_2025,yes,200838.00,197422.00,-3416.00,-1.70,Tier 6 (<$5K),TIER 5,exact,NTEE Code (Map to Sub Sectors): christian; NTEE Code (Map to Sub Sectors): christ; Non-Profit Sector: religion; Non-Profit Sub-Sector: christian; Non-Profit Sub-Sector: christ; FRU - Sector: religion; FRU - Subsector: religion; FRU - Subsector: christian; FRU - Subsector: christ; NTEE code family: X (religion related/spiritual development)
ABREENTP,Desire Street Ministries,Desire Street Ministries,legacy_2025,yes,213721.00,195629.00,-18092.00,-8.47,Tier 5 ($5K–10K),TIER 6,exact,Account Name: ministries; NTEE Code (Map to Sub Sectors): christian; NTEE Code (Map to Sub Sectors): christ; Non-Profit Sector: religion; Non-Profit Sub-Sector: christian; Non-Profit Sub-Sector: christ; FRU - Sector: religion; FRU - Subsector: religion; FRU - Subsector: christian; FRU - Subsector: christ; NTEE code family: X (religion related/spiritual development)
AHZGFMPV,Generation Rising,Generation Rising,legacy_2025,yes,150550.00,194833.00,44283.00,29.41,Tier 4 ($10K–$20K),TIER 5,exact,NTEE Code (Map to Sub Sectors): religion; Non-Profit Sector: religion; Non-Profit Sub-Sector: religion; FRU - Sector: religion; FRU - Subsector: religion; NTEE code family: X (religion related/spiritual development)
AWNQZQDG,St. Marcus,St. Marcus,legacy_2025,yes,160933.00,194413.00,33480.00,20.80,Tier 3 ($20K–$50K),TIER 5,exact,NTEE Code (Map to Sub Sectors): religion; Non-Profit Sector: religion; Non-Profit Sub-Sector: religion; FRU - Sector: religion; FRU - Subsector: religion; NTEE code family: X (religion related/spiritual development)
ABKLWCBV,Trinity Rescue Mission,Trinity Rescue Mission,legacy_2025,yes,191801.00,191421.00,-380.00,-0.20,Tier 6 (<$5K),TIER 6,exact,Account Name: mission
ASKZRLUS,Guidelines International Ministries,Guidelines International Ministries,legacy_2025,yes,176685.00,190377.00,13692.00,7.75,Tier 6 (<$5K),TIER 5,exact,Account Name: ministries; NTEE Code (Map to Sub Sectors): religious; Non-Profit Sector: religion; Non-Profit Sub-Sector: religion; FRU - Sector: religion; FRU - Subsector: religion; NTEE code family: X (religion related/spiritual development)
AQJCTHTG,Engage Your Destiny,,new_2025,no,0.00,180216.00,180216.00,,Tier 6 (<$5K),TIER 5,exact,NTEE Code (Map to Sub Sectors): religion; Non-Profit Sector: religion; Non-Profit Sub-Sector: religion; FRU - Sector: religion; FRU - Subsector: religion; NTEE code family: X (religion related/spiritual development)
AQVNNVZC,Ruth and Naomi's Mission,Ruth and Naomi's Mission,legacy_2025,yes,167025.00,178650.00,11625.00,6.96,Tier 6 (<$5K),TIER 5,exact,Account Name: mission
AMKVXYLE,Association of the Miraculous Medal,,new_2025,no,0.00,175097.00,175097.00,,Tier 3 ($20K–$50K),TIER 4,exact,NTEE Code (Map to Sub Sectors): christian; NTEE Code (Map to Sub Sectors): christ; Non-Profit Sector: religion; Non-Profit Sub-Sector: christian; Non-Profit Sub-Sector: christ; FRU - Sector: religion; FRU - Subsector: religion; FRU - Subsector: christian; FRU - Subsector: christ; NTEE code family: X (religion related/spiritual development)
AEZWWTHG,Aishel House,Aishel House,legacy_2025,yes,83314.00,173881.00,90567.00,108.71,Tier 4 ($10K–$20K),TIER 6,exact,NTEE Code (Map to Sub Sectors): religion; Non-Profit Sector: religion; Non-Profit Sub-Sector: religion; FRU - Sector: religion; FRU - Subsector: religion; NTEE code family: X (religion related/spiritual development)
ALDRHZQU,Jennifer LeClaire Ministries,Jennifer LeClaire Ministries,legacy_2025,yes,110025.00,167147.00,57122.00,51.92,Tier 6 (<$5K),TIER 6,exact,Account Name: ministries
AVMNGDTU,Jewish Big Brothers Big Sisters of Los Angeles,Jewish Big Brothers Big Sisters of Los Angeles,legacy_2025,yes,193344.00,151028.00,-42316.00,-21.89,Tier 6 (<$5K),TIER 6,exact,Account Name: jewish
ADGQGGSZ,Chayenu,Chayenu,legacy_2025,yes,9649.00,150373.00,140724.00,1458.43,Tier 6 (<$5K),TIER 6,exact,NTEE Code (Map to Sub Sectors): religious; Non-Profit Sector: religion; Non-Profit Sub-Sector: religion; FRU - Sector: religion; FRU - Subsector: religion; NTEE code family: X (religion related/spiritual development)
AWXLEGBE,Hope Gospel Mission,,new_2025,no,0.00,140464.00,140464.00,,Tier 6 (<$5K),TIER 5,exact,Account Name: gospel; Account Name: mission
ALMRZMEX,Dare for More,Dare for More,legacy_2025,yes,76516.00,138283.00,61767.00,80.72,Tier 6 (<$5K),TIER 6,exact,NTEE Code (Map to Sub Sectors): christian; NTEE Code (Map to Sub Sectors): christ; Non-Profit Sector: religion; Non-Profit Sub-Sector: christian; Non-Profit Sub-Sector: christ; FRU - Sector: religion; FRU - Subsector: religion; FRU - Subsector: christian; FRU - Subsector: christ; NTEE code family: X (religion related/spiritual development)
AMNHTKVP,China Partnership,China Partnership,legacy_2025,yes,128864.00,136294.00,7430.00,5.77,,TIER 6,exact,NTEE Code (Map to Sub Sectors): christian; NTEE Code (Map to Sub Sectors): christ; Non-Profit Sector: religion; Non-Profit Sub-Sector: christian; Non-Profit Sub-Sector: christ; FRU - Sector: religion; FRU - Subsector: religion; FRU - Subsector: christian; FRU - Subsector: christ; NTEE code family: X (religion related/spiritual development)
APGZAWHR,The Episcopal Church,The Episcopal Church,legacy_2025,yes,123170.00,135641.00,12471.00,10.13,Tier 3 ($20K–$50K),TIER 4,exact,Account Name: church; NTEE Code (Map to Sub Sectors): christian; NTEE Code (Map to Sub Sectors): christ; Non-Profit Sector: religion; Non-Profit Sub-Sector: christian; Non-Profit Sub-Sector: christ; FRU - Sector: religion; FRU - Subsector: religion; FRU - Subsector: christian; FRU - Subsector: christ; NTEE code family: X (religion related/spiritual development)
ABXAPFAP,Petros Network,,new_2025,no,0.00,127303.00,127303.00,,Tier 5 ($5K–10K),TIER 4,exact,NTEE Code (Map to Sub Sectors): christian; NTEE Code (Map to Sub Sectors): christ; Non-Profit Sector: religion; Non-Profit Sub-Sector: christian; Non-Profit Sub-Sector: christ; FRU - Sector: religion; FRU - Subsector: religion; FRU - Subsector: christian; FRU - Subsector: christ; NTEE code family: X (religion related/spiritual development)
ACPHAQUT,Cathedral City Senior Center,Cathedral City Senior Center,legacy_2025,yes,86720.00,125353.00,38633.00,44.55,Tier 6 (<$5K),TIER 6,exact,Account Name: cathedral
AJWESWNM,Muslim American Society,Muslim American Society,legacy_2025,yes,227726.00,124275.00,-103451.00,-45.43,Tier 6 (<$5K),TIER 6,exact,NTEE Code (Map to Sub Sectors): islam; NTEE Code (Map to Sub Sectors): islamic; Non-Profit Sector: religion; Non-Profit Sub-Sector: islam; Non-Profit Sub-Sector: islamic; FRU - Sector: religion; FRU - Subsector: religion; FRU - Subsector: islam; FRU - Subsector: islamic; NTEE code family: X (religion related/spiritual development)
AUTMVMEX,Ignatius Press,Ignatius Press,legacy_2025,yes,134432.00,120763.00,-13669.00,-10.17,Tier 6 (<$5K),TIER 6,exact,NTEE Code (Map to Sub Sectors): religion; Non-Profit Sector: religion; Non-Profit Sub-Sector: religion; FRU - Sector: religion; FRU - Subsector: religion; NTEE code family: X (religion related/spiritual development)
ARUMCCTP,Excellencies of Christ Ministries,Excellencies of Christ Ministries,legacy_2025,yes,135685.00,113254.00,-22431.00,-16.53,Tier 6 (<$5K),TIER 6,exact,Account Name: ministries; Account Name: christ; NTEE Code (Map to Sub Sectors): christian; NTEE Code (Map to Sub Sectors): christ; Non-Profit Sector: religion; Non-Profit Sub-Sector: christian; Non-Profit Sub-Sector: christ; FRU - Sector: religion; FRU - Subsector: religion; FRU - Subsector: christian; FRU - Subsector: christ; NTEE code family: X (religion related/spiritual development)
APECYLUB,Jewish Family Services of Washtenaw County,,new_2025,no,0.00,113008.00,113008.00,,Tier 5 ($5K–10K),TIER 5,exact,Account Name: jewish
AMYHKBYX,Bethlehem University Foundation,Bethlehem University Foundation,legacy_2025,yes,147889.00,108276.00,-39613.00,-26.79,Tier 5 ($5K–10K),TIER 6,exact,NTEE Code (Map to Sub Sectors): religion; Non-Profit Sector: religion; Non-Profit Sub-Sector: religion; FRU - Sector: religion; FRU - Subsector: religion; NTEE code family: X (religion related/spiritual development)
AEKNKCEA,Alex McFarland Ministries,Alex McFarland Ministries,legacy_2025,yes,27207.00,107037.00,79830.00,293.42,Tier 6 (<$5K),TIER 6,exact,Account Name: ministries; NTEE Code (Map to Sub Sectors): christian; NTEE Code (Map to Sub Sectors): christ; Non-Profit Sector: religion; Non-Profit Sub-Sector: christian; Non-Profit Sub-Sector: christ; FRU - Sector: religion; FRU - Subsector: religion; FRU - Subsector: christian; FRU - Subsector: christ; NTEE code family: X (religion related/spiritual development)
ACZWGJGS,Kenneth Copeland Ministries Canada,,new_2025,no,0.00,104760.00,104760.00,,Tier 5 ($5K–10K),TIER 4,exact,Account Name: ministries
AKLZPDJN,Maahad Tahfiz Mumtazatut Taqwa,Maahad Tahfiz Mumtazatut Taqwa,legacy_2025,yes,124124.00,101820.00,-22304.00,-17.97,Tier 6 (<$5K),TIER 6,exact,Non-Profit Sector: religion; Non-Profit Sub-Sector: christian; Non-Profit Sub-Sector: christ
AFEACUFR,Zola Levitt Ministries,,new_2025,no,0.00,101424.00,101424.00,,Tier 3 ($20K–$50K),TIER 4,exact,Account Name: ministries; NTEE Code (Map to Sub Sectors): christian; NTEE Code (Map to Sub Sectors): christ; Non-Profit Sector: religion; Non-Profit Sub-Sector: christian; Non-Profit Sub-Sector: christ; FRU - Sector: religion; FRU - Subsector: religion; FRU - Subsector: christian; FRU - Subsector: christ; NTEE code family: X (religion related/spiritual development)
AXQYJBJH,All People Free,All People Free,legacy_2025,yes,83768.00,94601.00,10833.00,12.93,Tier 6 (<$5K),TIER 6,exact,NTEE Code (Map to Sub Sectors): christian; NTEE Code (Map to Sub Sectors): christ; Non-Profit Sector: religion; Non-Profit Sub-Sector: christian; Non-Profit Sub-Sector: christ; FRU - Sector: religion; FRU - Subsector: religion; FRU - Subsector: christian; FRU - Subsector: christ; NTEE code family: X (religion related/spiritual development)
AXFQBDLL,SWAT Ministries,,new_2025,no,0.00,93664.00,93664.00,,,TIER 5,exact,Account Name: ministries; NTEE Code (Map to Sub Sectors): religious
AKQHXSBQ,Combat Control Foundation,Combat Control Foundation,legacy_2025,yes,23937.00,90824.00,66887.00,279.43,Tier 5 ($5K–10K),TIER 6,exact,NTEE Code (Map to Sub Sectors): christian; NTEE Code (Map to Sub Sectors): christ; Non-Profit Sector: religion; Non-Profit Sub-Sector: christian; Non-Profit Sub-Sector: christ; FRU - Sector: religion; FRU - Subsector: religion; FRU - Subsector: christian; FRU - Subsector: christ; NTEE code family: X (religion related/spiritual development)
ADPDHBPD,Remember Jerusalem,Remember Jerusalem,legacy_2025,yes,85248.00,89823.00,4575.00,5.37,Tier 6 (<$5K),TIER 6,exact,NTEE Code (Map to Sub Sectors): christian; NTEE Code (Map to Sub Sectors): christ; Non-Profit Sector: religion; Non-Profit Sub-Sector: christian; Non-Profit Sub-Sector: christ; FRU - Sector: religion; FRU - Subsector: religion; FRU - Subsector: christian; FRU - Subsector: christ; NTEE code family: X (religion related/spiritual development)
NLEYGRKF,African Enterprise,African Enterprise,legacy_2025,yes,74377.00,83784.00,9407.00,12.65,Tier 6 (<$5K),TIER 6,exact,NTEE Code (Map to Sub Sectors): christian; NTEE Code (Map to Sub Sectors): christ; Non-Profit Sector: religion; Non-Profit Sub-Sector: christian; Non-Profit Sub-Sector: christ; FRU - Sector: religion; FRU - Subsector: religion; FRU - Subsector: christian; FRU - Subsector: christ; NTEE code family: X (religion related/spiritual development)
AZGRVNCA,Hira Institute,Hira Institute,legacy_2025,yes,676051.00,82876.00,-593175.00,-87.74,,TIER 6,exact_multi_pick_max_volume_2,NTEE Code (Map to Sub Sectors): islam; NTEE Code (Map to Sub Sectors): islamic; Non-Profit Sector: religion; Non-Profit Sub-Sector: islam; Non-Profit Sub-Sector: islamic; FRU - Sector: religion; FRU - Subsector: religion; FRU - Subsector: islam; FRU - Subsector: islamic; NTEE code family: X (religion related/spiritual development)
AYUFNHSW,The Mission Co,The Mission Co,legacy_2025,yes,77325.00,81725.00,4400.00,5.69,Tier 6 (<$5K),TIER 6,exact,Account Name: mission; NTEE Code (Map to Sub Sectors): christian; NTEE Code (Map to Sub Sectors): christ; Non-Profit Sector: religion; Non-Profit Sub-Sector: christian; Non-Profit Sub-Sector: christ; FRU - Sector: religion; FRU - Subsector: religion; FRU - Subsector: christian; FRU - Subsector: christ; NTEE code family: X (religion related/spiritual development)
ACGEKDSP,Chabad Intown,Chabad Intown,legacy_2025,yes,63740.00,80864.00,17124.00,26.87,Tier 6 (<$5K),TIER 6,exact,NTEE Code (Map to Sub Sectors): jewish; Non-Profit Sector: religion; Non-Profit Sub-Sector: jewish; FRU - Sector: religion; FRU - Subsector: religion; FRU - Subsector: jewish; NTEE code family: X (religion related/spiritual development)
ARBEPDMR,Darul Wahi,Darul Wahi,legacy_2025,yes,10672.00,80140.00,69468.00,650.94,,-,exact,NTEE Code (Map to Sub Sectors): islam; NTEE Code (Map to Sub Sectors): islamic; Non-Profit Sector: religion; Non-Profit Sub-Sector: islam; Non-Profit Sub-Sector: islamic; FRU - Sector: religion; FRU - Subsector: religion; FRU - Subsector: islam; FRU - Subsector: islamic; NTEE code family: X (religion related/spiritual development)
ADUCWTRC,Boise Bible College,Boise Bible College,legacy_2025,yes,101453.00,79668.00,-21785.00,-21.47,Tier 6 (<$5K),TIER 6,exact,Account Name: bible
AQPHLFKT,Puertas De Amor,,new_2025,no,0.00,78632.00,78632.00,,,TIER 6,exact,NTEE Code (Map to Sub Sectors): christian; NTEE Code (Map to Sub Sectors): christ; Non-Profit Sector: religion; Non-Profit Sub-Sector: christian; Non-Profit Sub-Sector: christ; FRU - Sector: religion; FRU - Subsector: religion; FRU - Subsector: christian; FRU - Subsector: christ; NTEE code family: X (religion related/spiritual development)
AWCPNRWM,Living Faith Discipleship Ministries,Living Faith Discipleship Ministries,legacy_2025,yes,37577.00,74187.00,36610.00,97.43,Tier 6 (<$5K),TIER 6,exact,Account Name: faith; Account Name: ministries
ACBCDKXP,Sisters of St. Joseph of Orange,Sisters of St. Joseph of Orange,legacy_2025,yes,44232.00,70697.00,26465.00,59.83,,TIER 6,exact,NTEE Code (Map to Sub Sectors): christian; NTEE Code (Map to Sub Sectors): christ; Non-Profit Sector: religion; Non-Profit Sub-Sector: christian; Non-Profit Sub-Sector: christ; FRU - Sector: religion; FRU - Subsector: religion; FRU - Subsector: christian; FRU - Subsector: christ; NTEE code family: X (religion related/spiritual development)
AADYNDUM,MyCentre,MyCentre,legacy_2025,yes,23149.00,66426.00,43277.00,186.95,,TIER 5,exact,NTEE Code (Map to Sub Sectors): religious
AUEPKQJK,The Christian Chronicle,,new_2025,no,0.00,64087.00,64087.00,,Tier 5 ($5K–10K),TIER 6,exact,Account Name: christian; Account Name: christ; NTEE Code (Map to Sub Sectors): religious; Non-Profit Sector: religion; Non-Profit Sub-Sector: religion; FRU - Sector: religion; FRU - Subsector: religion; NTEE code family: X (religion related/spiritual development)
AXTXRWNU,Not My Will Ministries,Not My Will Ministries,legacy_2025,yes,57533.00,63080.00,5547.00,9.64,Tier 6 (<$5K),TIER 6,exact,Account Name: ministries; NTEE Code (Map to Sub Sectors): christian; NTEE Code (Map to Sub Sectors): christ; Non-Profit Sector: religion; Non-Profit Sub-Sector: christian; Non-Profit Sub-Sector: christ; FRU - Sector: religion; FRU - Subsector: religion; FRU - Subsector: christian; FRU - Subsector: christ; NTEE code family: X (religion related/spiritual development)
ASAKEVHG,Solid Rock Mission,Solid Rock Mission,legacy_2025,yes,39903.00,61257.00,21354.00,53.51,,TIER 6,exact,Account Name: mission; NTEE Code (Map to Sub Sectors): christian; NTEE Code (Map to Sub Sectors): christ; Non-Profit Sector: religion; Non-Profit Sub-Sector: christian; Non-Profit Sub-Sector: christ; FRU - Sector: religion; FRU - Subsector: religion; FRU - Subsector: christian; FRU - Subsector: christ; NTEE code family: X (religion related/spiritual development)
AWKECUHQ,Trinity Christian Academy of Jacksonville,Trinity Christian Academy of Jacksonville,legacy_2025,yes,74562.00,61018.00,-13544.00,-18.16,Tier 6 (<$5K),TIER 6,exact,Account Name: christian; Account Name: christ
AXJKPDJF,Compassion to Action,,new_2025,no,0.00,59541.00,59541.00,,,TIER 6,exact,Non-Profit Sector: religion; Non-Profit Sub-Sector: christian; Non-Profit Sub-Sector: christ
ARQPRYRZ,Maui Rescue Mission,Maui Rescue Mission,legacy_2025,yes,34124.00,59209.00,25085.00,73.51,Tier 5 ($5K–10K),TIER 6,exact,Account Name: mission
AZJQPEPX,Women's Audio Mission,Women's Audio Mission,legacy_2025,yes,48356.00,59078.00,10722.00,22.17,Tier 6 (<$5K),TIER 6,exact,Account Name: mission
ALXRWGQK,Kingdom Causes Inc,"Kingdom Causes, Inc.",legacy_2025,yes,40991.00,56539.00,15548.00,37.93,Tier 6 (<$5K),TIER 6,normalized,NTEE Code (Map to Sub Sectors): christian; NTEE Code (Map to Sub Sectors): christ; Non-Profit Sector: religion; Non-Profit Sub-Sector: christian; Non-Profit Sub-Sector: christ; FRU - Sector: religion; FRU - Subsector: religion; FRU - Subsector: christian; FRU - Subsector: christ; NTEE code family: X (religion related/spiritual development)
AWYQKXEL,YEHUDI,YEHUDI,legacy_2025,yes,79120.00,55867.00,-23253.00,-29.39,Tier 2 ($50K–$100K),TIER 6,exact,NTEE Code (Map to Sub Sectors): jewish; Non-Profit Sector: religion; Non-Profit Sub-Sector: jewish; FRU - Sector: religion; FRU - Subsector: religion; FRU - Subsector: jewish; NTEE code family: X (religion related/spiritual development)
ASFTLSLH,BW Foundation,BW Foundation,legacy_2025,yes,68901.00,55832.00,-13069.00,-18.97,Tier 6 (<$5K),TIER 6,exact,Non-Profit Sector: religion; Non-Profit Sub-Sector: christian; Non-Profit Sub-Sector: christ
AXFLUQTG,St. Mary's Springs Academy,St. Mary's Springs Academy,legacy_2025,yes,62419.00,53973.00,-8446.00,-13.53,Tier 6 (<$5K),TIER 6,exact,NTEE Code (Map to Sub Sectors): religion; FRU - Sector: religion; FRU - Subsector: religion; NTEE code family: X (religion related/spiritual development)
AECFDSSY,Citychurch Outreach Ministry,,new_2025,no,0.00,53268.00,53268.00,,,TIER 5,exact,Account Name: ministry; Account Name: church
AVGJEEKE,Muslim Cultural Heritage Centre,Muslim Cultural Heritage Centre,legacy_2025,yes,38381.00,52760.00,14379.00,37.46,Tier 6 (<$5K),TIER 6,exact,Non-Profit Sector: religion; Non-Profit Sub-Sector: islam; Non-Profit Sub-Sector: islamic
AJQSYBUB,Meher Mount,Meher Mount,legacy_2025,yes,48292.00,52497.00,4205.00,8.71,Tier 6 (<$5K),TIER 6,exact,NTEE Code (Map to Sub Sectors): buddhist; Non-Profit Sector: religion; Non-Profit Sub-Sector: religion; FRU - Sector: religion; FRU - Subsector: religion; NTEE code family: X (religion related/spiritual development)
AKFUZNJP,Islamic Society Of Vaughan,Islamic Society of Vaughan,legacy_2025,yes,65166.00,52287.00,-12879.00,-19.76,Tier 3 ($20K–$50K),TIER 6,normalized,Account Name: islam; Account Name: islamic; NTEE Code (Map to Sub Sectors): christian; NTEE Code (Map to Sub Sectors): christ; Non-Profit Sector: religion; Non-Profit Sub-Sector: christian; Non-Profit Sub-Sector: christ; FRU - Sector: religion; FRU - Subsector: religion; FRU - Subsector: christian; FRU - Subsector: christ; NTEE code family: X (religion related/spiritual development)
ABFLNLJN,KHOL Jackson Hole Community Radio,KHOL - Jackson Hole Community Radio,legacy_2025,yes,49198.00,51799.00,2601.00,5.29,Tier 6 (<$5K),TIER 6,normalized,NTEE Code (Map to Sub Sectors): christian; NTEE Code (Map to Sub Sectors): christ; Non-Profit Sector: religion; Non-Profit Sub-Sector: christian; Non-Profit Sub-Sector: christ; FRU - Sector: religion; FRU - Subsector: religion; FRU - Subsector: christian; FRU - Subsector: christ; NTEE code family: X (religion related/spiritual development)
AQMRWCGP,Faith Hope & Love Ministries,Faith Hope & Love Ministries,legacy_2025,yes,1751.00,51782.00,50031.00,2857.28,,TIER 6,exact,Account Name: faith; Account Name: ministries
AZAUZEBF,Kedma,Kedma,legacy_2025,yes,34028.00,51631.00,17603.00,51.73,,TIER 6,exact,NTEE Code (Map to Sub Sectors): jewish; Non-Profit Sector: religion; Non-Profit Sub-Sector: jewish; FRU - Sector: religion; FRU - Subsector: religion; FRU - Subsector: jewish; NTEE code family: X (religion related/spiritual development)
ATEWPURW,New Life Ranch,,new_2025,no,0.00,46634.00,46634.00,,Tier 4 ($10K–$20K),TIER 3,exact,NTEE Code (Map to Sub Sectors): religious
ARRUQQEB,St. Peter's Church,St. Peter's Church,legacy_2025,yes,3661.00,45713.00,42052.00,1148.65,,TIER 6,exact,Account Name: church
ALJSJNRV,Whole Word Institute (formerly 4.2.20 Foundation),Whole Word Institute (formerly 4.2.20 Foundation),legacy_2025,yes,57242.00,45481.00,-11761.00,-20.55,Tier 4 ($10K–$20K),TIER 6,exact,NTEE Code (Map to Sub Sectors): christian; NTEE Code (Map to Sub Sectors): christ; Non-Profit Sector: religion; Non-Profit Sub-Sector: christian; Non-Profit Sub-Sector: christ; FRU - Sector: religion; FRU - Subsector: religion; FRU - Subsector: christian; FRU - Subsector: christ; NTEE code family: X (religion related/spiritual development)
AEFUZUSK,Divine Mother Center,,new_2025,no,0.00,44617.00,44617.00,,,TIER 6,exact,NTEE Code (Map to Sub Sectors): religion; Non-Profit Sector: religion; Non-Profit Sub-Sector: religion; FRU - Sector: religion; FRU - Subsector: religion; NTEE code family: X (religion related/spiritual development)
AYLZYUQS,Stadia,,new_2025,no,0.00,44561.00,44561.00,,,TIER 6,exact,Non-Profit Sector: religion; Non-Profit Sub-Sector: religion
ASCRWULH,Muslim Youth Helpline,Muslim Youth Helpline,legacy_2025,yes,30575.00,41212.00,10637.00,34.79,Tier 6 (<$5K),TIER 6,exact,Non-Profit Sector: religion; Non-Profit Sub-Sector: islam; Non-Profit Sub-Sector: islamic
AWVAAHGM,Friendship Circle International,Friendship Circle International,legacy_2025,yes,4088.00,38867.00,34779.00,850.76,Tier 4 ($10K–$20K),TIER 6,exact,NTEE Code (Map to Sub Sectors): jewish; Non-Profit Sector: religion; Non-Profit Sub-Sector: jewish; FRU - Sector: religion; FRU - Subsector: religion; FRU - Subsector: jewish; NTEE code family: X (religion related/spiritual development)
AURFEPWW,Voice of Hope,Voice of Hope,legacy_2025,yes,43902.00,38694.00,-5208.00,-11.86,Tier 5 ($5K–10K),TIER 6,exact,NTEE Code (Map to Sub Sectors): christian; NTEE Code (Map to Sub Sectors): christ; Non-Profit Sector: religion; Non-Profit Sub-Sector: christian; Non-Profit Sub-Sector: christ; FRU - Sector: religion; FRU - Subsector: religion; FRU - Subsector: christian; FRU - Subsector: christ; NTEE code family: X (religion related/spiritual development)
AHTBWKAZ,Broome Street Ganesha Temple,Broome Street Ganesha Temple,legacy_2025,yes,47104.00,37700.00,-9404.00,-19.96,Tier 5 ($5K–10K),TIER 6,exact,Account Name: temple; NTEE Code (Map to Sub Sectors): religion; Non-Profit Sector: religion; Non-Profit Sub-Sector: religion; FRU - Sector: religion; FRU - Subsector: religion; NTEE code family: X (religion related/spiritual development)
AUEFHRQG,Journey U,Journey U,legacy_2025,yes,6481.00,31151.00,24670.00,380.65,Tier 6 (<$5K),TIER 6,exact,NTEE Code (Map to Sub Sectors): christian; NTEE Code (Map to Sub Sectors): christ; Non-Profit Sector: religion; Non-Profit Sub-Sector: christian; Non-Profit Sub-Sector: christ; FRU - Sector: religion; FRU - Subsector: religion; FRU - Subsector: christian; FRU - Subsector: christ; NTEE code family: X (religion related/spiritual development)
AJQGCNCT,Jen Miskov Ministries,Jen Miskov Ministries,legacy_2025,yes,25957.00,30974.00,5017.00,19.33,Tier 6 (<$5K),TIER 6,exact,Account Name: ministries; NTEE Code (Map to Sub Sectors): christian; NTEE Code (Map to Sub Sectors): christ; Non-Profit Sector: religion; Non-Profit Sub-Sector: christian; Non-Profit Sub-Sector: christ; FRU - Sector: religion; FRU - Subsector: religion; FRU - Subsector: christian; FRU - Subsector: christ; NTEE code family: X (religion related/spiritual development)
AHNKAKPN,Orthodox Volunteer Corps,,new_2025,no,0.00,30433.00,30433.00,,,TIER 6,exact,Account Name: orthodox
AFYLAAMD,Kingdom Come Ministries,,new_2025,no,0.00,30405.00,30405.00,,,TIER 6,exact,Account Name: ministries; Non-Profit Sector: religion; Non-Profit Sub-Sector: christian; Non-Profit Sub-Sector: christ
AMADUWJX,YWAM Fire and Fragrance Nashville,YWAM Fire and Fragrance Nashville,legacy_2025,yes,43055.00,29758.00,-13297.00,-30.88,Tier 6 (<$5K),TIER 6,exact,NTEE Code (Map to Sub Sectors): christian; NTEE Code (Map to Sub Sectors): christ; Non-Profit Sector: religion; Non-Profit Sub-Sector: christian; Non-Profit Sub-Sector: christ; FRU - Sector: religion; FRU - Subsector: religion; FRU - Subsector: christian; FRU - Subsector: christ; NTEE code family: X (religion related/spiritual development)
AFSZUFAA,Pastor Jeff Ministries,,new_2025,no,0.00,28635.00,28635.00,,,TIER 6,exact,Account Name: ministries; Account Name: pastor; NTEE Code (Map to Sub Sectors): christian; NTEE Code (Map to Sub Sectors): christ; Non-Profit Sector: religion; Non-Profit Sub-Sector: christian; Non-Profit Sub-Sector: christ; FRU - Sector: religion; FRU - Subsector: religion; FRU - Subsector: christian; FRU - Subsector: christ; NTEE code family: X (religion related/spiritual development)
AMMDEGSZ,Rhiza Coffee Co.,Rhiza Coffee Co.,legacy_2025,yes,25023.00,28254.00,3231.00,12.91,Tier 5 ($5K–10K),TIER 6,exact,NTEE Code (Map to Sub Sectors): christian; NTEE Code (Map to Sub Sectors): christ; Non-Profit Sector: religion; Non-Profit Sub-Sector: christian; Non-Profit Sub-Sector: christ; FRU - Sector: religion; FRU - Subsector: religion; FRU - Subsector: christian; FRU - Subsector: christ; NTEE code family: X (religion related/spiritual development)
ADFQQQGF,Renewal Ministries,Renewal Ministries,legacy_2025,yes,19991.00,27880.00,7889.00,39.46,Tier 4 ($10K–$20K),TIER 5,exact,Account Name: ministries; NTEE Code (Map to Sub Sectors): christian; NTEE Code (Map to Sub Sectors): christ; Non-Profit Sector: religion; Non-Profit Sub-Sector: christian; Non-Profit Sub-Sector: christ; FRU - Sector: religion; FRU - Subsector: religion; FRU - Subsector: christian; FRU - Subsector: christ; NTEE code family: X (religion related/spiritual development)
AEHPVRLQ,Leadership Ministries Worldwide,,new_2025,no,0.00,27611.00,27611.00,,Tier 6 (<$5K),TIER 6,exact,Account Name: ministries; NTEE Code (Map to Sub Sectors): christian; NTEE Code (Map to Sub Sectors): christ; Non-Profit Sector: religion; Non-Profit Sub-Sector: christian; Non-Profit Sub-Sector: christ; FRU - Sector: religion; FRU - Subsector: religion; FRU - Subsector: christian; FRU - Subsector: christ; NTEE code family: X (religion related/spiritual development)
AQQJZKUP,International Gospel Tellers,International Gospel Tellers,legacy_2025,yes,23550.00,26941.00,3391.00,14.40,Tier 6 (<$5K),TIER 6,exact,Account Name: gospel; NTEE Code (Map to Sub Sectors): christian; NTEE Code (Map to Sub Sectors): christ; Non-Profit Sector: religion; Non-Profit Sub-Sector: christian; Non-Profit Sub-Sector: christ; FRU - Sector: religion; FRU - Subsector: religion; FRU - Subsector: christian; FRU - Subsector: christ; NTEE code family: X (religion related/spiritual development)
AUAMQYMT,Dar Al-Farooq Center,Dar Al Farooq Center,legacy_2025,yes,17435.00,23836.00,6401.00,36.71,Tier 6 (<$5K),TIER 6,normalized,NTEE Code (Map to Sub Sectors): christian; NTEE Code (Map to Sub Sectors): christ; Non-Profit Sector: religion; Non-Profit Sub-Sector: christian; Non-Profit Sub-Sector: christ; FRU - Sector: religion; FRU - Subsector: religion; FRU - Subsector: christian; FRU - Subsector: christ; NTEE code family: X (religion related/spiritual development)
AUWLGNXJ,Pacific Union College Church,,new_2025,no,0.00,23040.00,23040.00,,,TIER 6,exact,Account Name: church; Non-Profit Sector: religion
AJMZJNPL,World Methodist Evangelism,World Methodist Evangelism,legacy_2025,yes,13900.00,22996.00,9096.00,65.44,Tier 5 ($5K–10K),TIER 6,exact,Account Name: methodist; NTEE Code (Map to Sub Sectors): christian; NTEE Code (Map to Sub Sectors): christ; Non-Profit Sector: religion; Non-Profit Sub-Sector: christian; Non-Profit Sub-Sector: christ; FRU - Sector: religion; FRU - Subsector: religion; FRU - Subsector: christian; FRU - Subsector: christ; NTEE code family: X (religion related/spiritual development)
ANYHDZLE,Jewish Institute for the Blind,,new_2025,no,0.00,22344.00,22344.00,,,TIER 6,exact,Account Name: jewish
AKHJRMPR,ESA Country Ministries,ESA Country Ministries,legacy_2025,yes,3753.00,21794.00,18041.00,480.71,Tier 6 (<$5K),TIER 6,exact,Account Name: ministries
ATXKYVPM,Cranky's Farm Animal Rescue Mission,Cranky's Farm Animal Rescue Mission,legacy_2025,yes,14308.00,21602.00,7294.00,50.98,Tier 5 ($5K–10K),TIER 6,exact,Account Name: mission
ARLLQHKM,Parish Collective,Parish Collective,legacy_2025,yes,21043.00,21182.00,139.00,0.66,Tier 6 (<$5K),TIER 6,exact,NTEE Code (Map to Sub Sectors): christian; NTEE Code (Map to Sub Sectors): christ; Non-Profit Sector: religion; Non-Profit Sub-Sector: christian; Non-Profit Sub-Sector: christ; FRU - Sector: religion; FRU - Subsector: religion; FRU - Subsector: christian; FRU - Subsector: christ; NTEE code family: X (religion related/spiritual development)
ASJTXUUA,3HO Foundation International,3HO Foundation International,legacy_2025,yes,11624.00,20949.00,9325.00,80.22,Tier 5 ($5K–10K),TIER 6,exact,NTEE Code (Map to Sub Sectors): buddhist; Non-Profit Sector: religion; Non-Profit Sub-Sector: religion; FRU - Sector: religion; FRU - Subsector: religion; NTEE code family: X (religion related/spiritual development)
AAXXNHVV,Baptist University of the Americas,Baptist University of the Americas,legacy_2025,yes,35214.00,20850.00,-14364.00,-40.79,Tier 6 (<$5K),TIER 6,exact,Account Name: baptist
ARSTYTPU,Darul Arqam Institute Inc,Darul Arqam Institute Inc,legacy_2025,yes,9786.00,20148.00,10362.00,105.89,Tier 6 (<$5K),TIER 6,exact,NTEE Code (Map to Sub Sectors): islam; NTEE Code (Map to Sub Sectors): islamic; Non-Profit Sector: religion; Non-Profit Sub-Sector: islam; Non-Profit Sub-Sector: islamic; FRU - Sector: religion; FRU - Subsector: religion; FRU - Subsector: islam; FRU - Subsector: islamic; NTEE code family: X (religion related/spiritual development)
AKUXBEMA,Miracle Valley Oasis Center,Miracle Valley Oasis Center,legacy_2025,yes,37667.00,18330.00,-19337.00,-51.34,Tier 6 (<$5K),TIER 6,exact,NTEE Code (Map to Sub Sectors): christian; NTEE Code (Map to Sub Sectors): christ; Non-Profit Sector: religion; Non-Profit Sub-Sector: christian; Non-Profit Sub-Sector: christ; FRU - Sector: religion; FRU - Subsector: religion; FRU - Subsector: christian; FRU - Subsector: christ; NTEE code family: X (religion related/spiritual development)
AEKLZBFX,Fairmount Christian Camp,Fairmount Christian Camp,legacy_2025,yes,28406.00,17211.00,-11195.00,-39.41,Tier 6 (<$5K),TIER 6,exact,Account Name: christian; Account Name: christ; NTEE Code (Map to Sub Sectors): christian; NTEE Code (Map to Sub Sectors): christ; Non-Profit Sector: religion; Non-Profit Sub-Sector: christian; Non-Profit Sub-Sector: christ; FRU - Sector: religion; FRU - Subsector: religion; FRU - Subsector: christian; FRU - Subsector: christ; NTEE code family: X (religion related/spiritual development)
AHJSYRWN,Timber Creek Retreat House,Timber Creek Retreat House,legacy_2025,yes,9857.00,16619.00,6762.00,68.60,Tier 6 (<$5K),TIER 6,exact,NTEE Code (Map to Sub Sectors): christian; NTEE Code (Map to Sub Sectors): christ; Non-Profit Sector: religion; Non-Profit Sub-Sector: christian; Non-Profit Sub-Sector: christ; FRU - Sector: religion; FRU - Subsector: religion; FRU - Subsector: christian; FRU - Subsector: christ; NTEE code family: X (religion related/spiritual development)
AXEUZLVC,Beyond Translation,Beyond Translation,legacy_2025,yes,5992.00,16286.00,10294.00,171.80,Tier 6 (<$5K),TIER 6,exact,NTEE Code (Map to Sub Sectors): christian; NTEE Code (Map to Sub Sectors): christ; Non-Profit Sector: religion; Non-Profit Sub-Sector: christian; Non-Profit Sub-Sector: christ; FRU - Sector: religion; FRU - Subsector: religion; FRU - Subsector: christian; FRU - Subsector: christ; NTEE code family: X (religion related/spiritual development)
AWTCQMRW,ZABS Place,ZABS Place,legacy_2025,yes,13516.00,15731.00,2215.00,16.39,Tier 6 (<$5K),TIER 6,exact,NTEE Code (Map to Sub Sectors): religion; Non-Profit Sector: religion; Non-Profit Sub-Sector: religion; FRU - Sector: religion; FRU - Subsector: religion; NTEE code family: X (religion related/spiritual development)
ANJGXZBD,Najam Institute Foundation,Najam Institute Foundation,legacy_2025,yes,13582.00,15730.00,2148.00,15.82,,TIER 1,exact,NTEE Code (Map to Sub Sectors): islam; NTEE Code (Map to Sub Sectors): islamic; Non-Profit Sector: religion; Non-Profit Sub-Sector: islam; Non-Profit Sub-Sector: islamic; FRU - Sector: religion; FRU - Subsector: religion; FRU - Subsector: islam; FRU - Subsector: islamic; NTEE code family: X (religion related/spiritual development)
ATCFQDUJ,God TV Australia,God TV Australia,legacy_2025,yes,17553.00,15260.00,-2293.00,-13.06,Tier 6 (<$5K),TIER 6,exact,NTEE Code (Map to Sub Sectors): christian; NTEE Code (Map to Sub Sectors): christ; Non-Profit Sector: religion; Non-Profit Sub-Sector: christian; Non-Profit Sub-Sector: christ; FRU - Sector: religion; FRU - Subsector: religion; FRU - Subsector: christian; FRU - Subsector: christ; NTEE code family: X (religion related/spiritual development)
ANTYTVVW,The GC Project,,new_2025,no,0.00,14372.00,14372.00,,,TIER 6,exact,NTEE Code (Map to Sub Sectors): christian; NTEE Code (Map to Sub Sectors): christ; Non-Profit Sector: religion; Non-Profit Sub-Sector: christian; Non-Profit Sub-Sector: christ; FRU - Sector: religion; FRU - Subsector: religion; FRU - Subsector: christian; FRU - Subsector: christ; NTEE code family: X (religion related/spiritual development)
AUNTYEBS,Mission Salaam,,new_2025,no,0.00,14100.00,14100.00,,,TIER 6,exact,Account Name: mission
ARJZYMXA,BLAMELESS MINISTRIES INC.,,new_2025,no,0.00,13730.00,13730.00,,,TIER 6,exact,Account Name: ministries
AJSVVMVN,Catholify,Catholify,legacy_2025,yes,16133.00,13568.00,-2565.00,-15.90,Tier 6 (<$5K),TIER 6,exact,NTEE Code (Map to Sub Sectors): religion; Non-Profit Sector: religion; Non-Profit Sub-Sector: religion; FRU - Sector: religion; FRU - Subsector: religion; NTEE code family: X (religion related/spiritual development)
ARVDAZKX,Swanberg Christian Ministries,Swanberg Christian Ministries,legacy_2025,yes,1842.00,13516.00,11674.00,633.77,,TIER 6,exact,Account Name: ministries; Account Name: christian; Account Name: christ
AWQSTRZY,Light Beyond Borders Inc.,,new_2025,no,0.00,11288.00,11288.00,,,TIER 6,exact,NTEE Code (Map to Sub Sectors): christian; NTEE Code (Map to Sub Sectors): christ; Non-Profit Sector: religion; Non-Profit Sub-Sector: christian; Non-Profit Sub-Sector: christ; FRU - Sector: religion; FRU - Subsector: religion; FRU - Subsector: christian; FRU - Subsector: christ; NTEE code family: X (religion related/spiritual development)
AMWQQURY,Pray Oregon,Pray Oregon,legacy_2025,yes,5122.00,11210.00,6088.00,118.86,Tier 6 (<$5K),TIER 6,exact,NTEE Code (Map to Sub Sectors): christian; NTEE Code (Map to Sub Sectors): christ; Non-Profit Sector: religion; Non-Profit Sub-Sector: christian; Non-Profit Sub-Sector: christ; FRU - Sector: religion; FRU - Subsector: religion; FRU - Subsector: christian; FRU - Subsector: christ; NTEE code family: X (religion related/spiritual development)
ACBWJDQR,Companions of Mary the Apostle Inc.,Companions of Mary the Apostle Inc.,legacy_2025,yes,15157.00,10683.00,-4474.00,-29.52,Tier 6 (<$5K),TIER 6,exact,NTEE Code (Map to Sub Sectors): christian; NTEE Code (Map to Sub Sectors): christ; Non-Profit Sector: religion; Non-Profit Sub-Sector: christian; Non-Profit Sub-Sector: christ; FRU - Sector: religion; FRU - Subsector: religion; FRU - Subsector: christian; FRU - Subsector: christ; NTEE code family: X (religion related/spiritual development)
AWHCHLNC,Lubavitch of Yardley,,new_2025,no,0.00,10548.00,10548.00,,,TIER 6,exact,NTEE Code (Map to Sub Sectors): jewish; Non-Profit Sector: religion; Non-Profit Sub-Sector: jewish; FRU - Sector: religion; FRU - Subsector: religion; FRU - Subsector: jewish; NTEE code family: X (religion related/spiritual development)
AGKQMXAN,"FF SA YWAM USA, INC",,new_2025,no,0.00,8814.00,8814.00,,,TIER 6,exact,NTEE Code (Map to Sub Sectors): christian; NTEE Code (Map to Sub Sectors): christ; Non-Profit Sector: religion; Non-Profit Sub-Sector: christian; Non-Profit Sub-Sector: christ; FRU - Sector: religion; FRU - Subsector: religion; FRU - Subsector: christian; FRU - Subsector: christ; NTEE code family: X (religion related/spiritual development)
AARMVFWY,Houston Quran Academy,,new_2025,no,0.00,8755.00,8755.00,,,TIER 6,exact,Account Name: quran
ANVHPUDQ,Bible Media Group,Bible Media Group,legacy_2025,yes,3873.00,8549.00,4676.00,120.73,Tier 5 ($5K–10K),TIER 6,exact,Account Name: bible
ALHFNFCD,Salaam Ministries,,new_2025,no,0.00,8329.00,8329.00,,,TIER 6,exact,Account Name: ministries
APNKCTRE,Knoxville Catholic High School,Knoxville Catholic High School,legacy_2025,yes,8399.00,8130.00,-269.00,-3.20,Tier 6 (<$5K),TIER 6,exact,Account Name: catholic; NTEE Code (Map to Sub Sectors): religion; Non-Profit Sector: religion; Non-Profit Sub-Sector: religion; FRU - Sector: religion; FRU - Subsector: religion; NTEE code family: X (religion related/spiritual development)
ATNFNVUK,Midtown Mosque,,new_2025,no,0.00,6640.00,6640.00,,,TIER 6,exact,Account Name: mosque
ATSMKMNZ,Tottenham Hale Mosque & Community Centre,Tottenham Hale Mosque and Community Centre,legacy_2025,yes,12343.00,6241.00,-6102.00,-49.44,Tier 6 (<$5K),TIER 6,normalized,Account Name: mosque; Non-Profit Sector: religion; Non-Profit Sub-Sector: christian; Non-Profit Sub-Sector: christ
ADBTBVFX,Christian Pure,Christian Pure,legacy_2025,yes,7988.00,6172.00,-1816.00,-22.73,Tier 5 ($5K–10K),TIER 6,exact,Account Name: christian; Account Name: christ; NTEE Code (Map to Sub Sectors): christian; NTEE Code (Map to Sub Sectors): christ; Non-Profit Sector: religion; Non-Profit Sub-Sector: christian; Non-Profit Sub-Sector: christ; FRU - Sector: religion; FRU - Subsector: religion; FRU - Subsector: christian; FRU - Subsector: christ; NTEE code family: X (religion related/spiritual development)
AKKNXPGD,Nightlight Christian Adoptions,Nightlight Christian Adoptions,legacy_2025,yes,5499.00,6104.00,605.00,11.00,Tier 6 (<$5K),TIER 6,exact,Account Name: christian; Account Name: christ
AULGBBVF,Al-Kisa Foundation,Al-Kisa Foundation,legacy_2025,yes,274.00,5977.00,5703.00,2081.39,Tier 5 ($5K–10K),TIER 5,exact,NTEE Code (Map to Sub Sectors): islam; NTEE Code (Map to Sub Sectors): islamic; Non-Profit Sector: religion; Non-Profit Sub-Sector: islam; Non-Profit Sub-Sector: islamic; FRU - Sector: religion; FRU - Subsector: religion; FRU - Subsector: islam; FRU - Subsector: islamic; NTEE code family: X (religion related/spiritual development)
ATYLHGSX,The Mini Farm Project Ltd,The Mini Farm Project Ltd,legacy_2025,yes,11902.00,5675.00,-6227.00,-52.32,Tier 6 (<$5K),TIER 6,exact,Non-Profit Sector: religion; Non-Profit Sub-Sector: christian; Non-Profit Sub-Sector: christ
AZKWFWLE,Foxhole Ministries,Foxhole Ministries,legacy_2025,yes,3216.00,5227.00,2011.00,62.53,Tier 6 (<$5K),TIER 6,exact,Account Name: ministries; NTEE Code (Map to Sub Sectors): christian; NTEE Code (Map to Sub Sectors): christ; Non-Profit Sector: religion; Non-Profit Sub-Sector: christian; Non-Profit Sub-Sector: christ; FRU - Sector: religion; FRU - Subsector: religion; FRU - Subsector: christian; FRU - Subsector: christ; NTEE code family: X (religion related/spiritual development)
ACGVHLYK,Chabad of White Marsh,Chabad of White Marsh,legacy_2025,yes,3245.00,5221.00,1976.00,60.89,Tier 6 (<$5K),TIER 6,exact,NTEE Code (Map to Sub Sectors): christian; NTEE Code (Map to Sub Sectors): christ; Non-Profit Sector: religion; Non-Profit Sub-Sector: christian; Non-Profit Sub-Sector: christ; FRU - Sector: religion; FRU - Subsector: religion; FRU - Subsector: christian; FRU - Subsector: christ; NTEE code family: X (religion related/spiritual development)
AZQKMPLD,The Barry Long Foundation International,The Barry Long Foundation International,legacy_2025,yes,2219.00,4595.00,2376.00,107.08,Tier 6 (<$5K),TIER 6,exact,Non-Profit Sector: religion; Non-Profit Sub-Sector: christian; Non-Profit Sub-Sector: christ
AMFVHLDM,Compassion Consortium,Compassion Consortium,legacy_2025,yes,31011.00,3922.00,-27089.00,-87.35,Tier 6 (<$5K),TIER 6,exact,NTEE Code (Map to Sub Sectors): religion; Non-Profit Sector: religion; Non-Profit Sub-Sector: religion; FRU - Sector: religion; FRU - Subsector: religion; NTEE code family: X (religion related/spiritual development)
ACZLGHYN,Intown Jewish Preschool,Intown Jewish Preschool,legacy_2025,yes,3164.00,3275.00,111.00,3.51,Tier 6 (<$5K),TIER 6,exact,Account Name: jewish
AMAQEMKM,Dar-Al-Islam,,new_2025,no,0.00,2230.00,2230.00,,,TIER 6,normalized,Account Name: islam
AAGMVSXU,Step to Faith,,new_2025,no,0.00,2017.00,2017.00,,,TIER 6,exact,Account Name: faith
AAPAXLBQ,Islamic Society of Greater Valley Forge,Islamic Society of Greater Valley Forge,legacy_2025,yes,17710.00,1111.00,-16599.00,-93.73,Tier 6 (<$5K),TIER 6,exact,Account Name: islam; Account Name: islamic; NTEE Code (Map to Sub Sectors): religion; Non-Profit Sector: religion; Non-Profit Sub-Sector: religion; FRU - Sector: religion; FRU - Subsector: religion; NTEE code family: X (religion related/spiritual development)
ARMVUBNM,Gods Way Foundation,,new_2025,no,0.00,1016.00,1016.00,,,TIER 6,exact,NTEE Code (Map to Sub Sectors): christian; NTEE Code (Map to Sub Sectors): christ; Non-Profit Sector: religion; Non-Profit Sub-Sector: christian; Non-Profit Sub-Sector: christ; FRU - Sector: religion; FRU - Subsector: religion; FRU - Subsector: christian; FRU - Subsector: christ; NTEE code family: X (religion related/spiritual development)
AKKSRCBW,Shalom World,Shalom World,legacy_2025,yes,18217.00,959.00,-17258.00,-94.74,Tier 3 ($20K–$50K),TIER 3,exact,NTEE Code (Map to Sub Sectors): jewish; Non-Profit Sector: religion; Non-Profit Sub-Sector: jewish; FRU - Sector: religion; FRU - Subsector: religion; FRU - Subsector: jewish; NTEE code family: X (religion related/spiritual development)
ABXMJSPR,Commonwealth Cultural Foundation,,new_2025,no,0.00,865.00,865.00,,Tier 6 (<$5K),TIER 6,exact,NTEE Code (Map to Sub Sectors): religious
AKZDLJYM,Global Commissionary Network,,new_2025,no,0.00,742.00,742.00,,,TIER 6,exact,Account Name: mission
ALBHVRNH,Church On the Dirt,Church On the Dirt,legacy_2025,yes,655.00,124.00,-531.00,-81.07,Tier 6 (<$5K),TIER 6,exact,Account Name: church; NTEE Code (Map to Sub Sectors): religion; Non-Profit Sector: religion; Non-Profit Sub-Sector: religion; FRU - Sector: religion; FRU - Subsector: religion; NTEE code family: X (religion related/spiritual development)
AVQAYXLP,INTERNATIONAL ISLAMIC YOUTH LEAGUE,,new_2025,no,0.00,17.00,17.00,,,TIER 4,normalized,Account Name: islam; Account Name: islamic
ABVSQKPU,Human Appeal Canada,,new_2025,no,0.00,5.00,5.00,,,TIER 1,exact,Non-Profit Sector: religion; Non-Profit Sub-Sector: islam; Non-Profit Sub-Sector: islamic
